task_id,difficulty_level,task_title,task_description,expected_output,evaluation_criteria
DS-E-001,Easy,Implement Basic Array Operations,"In this task, you will create a program that works with a basic array to understand how data is stored sequentially in memory. This task is important because arrays are the foundation of almost all data structures used in real-world software systems. Step by step, you must declare an array, insert multiple elements into it, display all elements using a loop, and retrieve a specific element using an index provided by the user. You should also handle invalid index access to avoid runtime errors. Hint: Use loops for traversal and always check that the index is within valid bounds before accessing the array.","The program correctly stores elements, displays them in order, and retrieves values using a valid index","Correct use of arrays, proper traversal logic, safe index handling, clean and readable output"
DS-E-002,Easy,Reverse an Array,"This task requires you to write a program that reverses the elements of an array without using any built-in reverse functions. Reversing arrays helps you understand element swapping, indexing, and iteration, which are core skills for data manipulation tasks in internships. Step by step, you should use two pointers starting from the beginning and end of the array, swap elements, and move inward until the array is fully reversed. Hint: Stop swapping when the start index becomes greater than or equal to the end index.",Array elements are displayed in complete reverse order,"Correct swapping logic, no built-in reverse usage, accurate index management"
DS-E-003,Easy,Find Maximum and Minimum Values in an Array,"In this task, you will develop a program to find the maximum and minimum values stored in an array. This operation is frequently used in analytics, reporting, and monitoring systems in real-world applications. Step by step, traverse the array from the first element, compare each value, and update the maximum and minimum variables accordingly. Hint: Initialize both maximum and minimum with the first element of the array before traversal.",Correct maximum and minimum values are displayed,"Accurate comparison logic, full traversal, correct initialization"
DS-E-004,Easy,Count Even and Odd Numbers in an Array,"This task focuses on categorizing data by counting even and odd numbers in an array. Such operations are common in data filtering and validation tasks during internships. Step by step, loop through the array, check each element using the modulus operator, and maintain separate counters for even and odd values. Hint: Use value % 2 to determine whether a number is even or odd.",Correct count of even and odd numbers displayed,"Accurate conditional logic, correct counting, complete traversal"
DS-E-005,Easy,Implement Linear Search Algorithm,"In this task, you will implement the linear search algorithm to find a specific value in an array. Linear search is one of the simplest searching techniques and helps build problem-solving foundations. Step by step, compare each array element with the target value until it is found or the array ends. Hint: Exit the loop early when the element is found to improve efficiency.",Program correctly reports whether the element exists,"Correct search logic, proper loop control, correct result reporting"
DS-E-006,Easy,Insert Element at a Specific Index in Array,"This task requires inserting a new element at a specific index within an array. This is important for understanding how insertion affects existing data and memory layout. Step by step, shift elements to the right starting from the end of the array, then place the new element at the given index. Hint: Always shift elements backward to avoid overwriting data.",Element inserted at the correct position in the array,"Correct shifting logic, no data loss, valid index handling"
DS-E-007,Easy,Delete Element from Array Using Index,"In this task, you will delete an element from an array using a given index. Deletion operations are common when managing records in applications. Step by step, validate the index, shift elements to the left to fill the gap, and reduce the logical size of the array. Hint: Handle deletion of the first and last elements carefully.",Array updated correctly after deletion,"Proper index validation, correct shifting logic, stable output"
DS-E-008,Easy,Understand Stack Data Structure Concept,"This task focuses on understanding the stack data structure and its Last-In-First-Out behavior. Stacks are widely used in function calls, undo/redo systems, and expression evaluation. Step by step, explain stack operations such as push and pop using real-world examples. Hint: Imagine stacking plates one on top of another.",Clear written explanation of stack behavior and use cases,"Concept accuracy, clear explanation, relevant real-world examples"
DS-E-009,Easy,Implement Stack Using Array,"In this task, you will implement a stack using an array. This practical implementation helps convert theory into real coding skills expected from interns. Step by step, define a stack array, maintain a top variable, and implement push and pop operations with boundary checks. Hint: Top should start at -1 for an empty stack.",Working stack with correct push and pop operations,"Correct LIFO behavior, boundary condition handling"
DS-E-010,Easy,Implement Push Operation in Stack,"This task focuses specifically on the push operation in a stack. Push is used to add elements to the top of the stack. Step by step, increment the top pointer and insert the new value into the array. Hint: Always check for stack overflow before pushing.",Element successfully pushed onto stack,"Correct push logic, overflow prevention"
DS-E-011,Easy,Implement Pop Operation in Stack,"In this task, you will implement the pop operation to remove the top element from the stack. Step by step, check whether the stack is empty, retrieve the top element, and decrement the top pointer. Hint: Never pop from an empty stack.",Correct element popped from stack,"Underflow handling, correct pointer updates"
DS-E-012,Easy,Understand Queue Data Structure Concept,"This task introduces the queue data structure and its First-In-First-Out behavior. Queues are commonly used in scheduling systems, request handling, and buffering. Step by step, explain enqueue and dequeue operations with real-world examples. Hint: Think of people standing in a line.",Clear explanation of queue behavior,"Concept clarity, correct FIFO explanation"
DS-E-013,Easy,Implement Queue Using Array,"In this task, you will implement a queue using an array. Step by step, define front and rear pointers and implement enqueue and dequeue operations. This task is important because queues are frequently used in backend and system-level software. Hint: Initialize front and rear properly before operations.",Working queue implementation,"Correct FIFO behavior, pointer management"
DS-E-014,Easy,Implement Enqueue Operation in Queue,"This task focuses on adding elements to a queue using enqueue operation. Step by step, insert an element at the rear position and update the rear pointer. Hint: Always check for queue overflow before enqueue.",Element enqueued correctly,"Correct enqueue logic, overflow handling"
DS-E-015,Easy,Implement Dequeue Operation in Queue,"In this task, you will remove elements from the front of a queue. Step by step, retrieve the front element and update the front pointer. Hint: Check for underflow before dequeue.",Element dequeued correctly,"Correct dequeue logic, underflow handling"
DS-E-016,Easy,Understand Circular Queue Concept,"This task introduces the concept of circular queues, which improve space utilization in array-based queues. Step by step, explain how the rear wraps around to the beginning using modulo arithmetic. Hint: Use circular indexing logic.",Clear explanation of circular queue,"Concept understanding, correct explanation"
DS-E-017,Easy,Implement Basic Circular Queue,"In this task, you will implement a basic circular queue using an array. Step by step, apply modulo arithmetic to manage front and rear movement efficiently. Hint: Use (index + 1) % size to move circularly.",Circular queue operations work correctly,"Correct circular behavior, proper pointer updates"
DS-E-018,Easy,Understand Singly Linked List Concept,"This task focuses on understanding singly linked lists and why they are used instead of arrays in some cases. Step by step, explain nodes, pointers, and dynamic memory usage. Hint: Each node points to the next node.",Clear explanation of singly linked list,"Concept clarity, correct terminology"
DS-E-019,Easy,Create Singly Linked List Node,"In this task, you will create the basic node structure for a singly linked list. Step by step, define data and a pointer to the next node. Hint: Keep node structure minimal and clear.",Correct node structure created,Accurate node definition
DS-E-020,Easy,Traverse Singly Linked List,"This task requires traversing a singly linked list and displaying all node values. Step by step, start from the head and move through each next pointer until null is reached. Hint: Use a temporary pointer for traversal.",All linked list elements displayed correctly,"Correct traversal logic, no infinite loops"
DS-E-021,Easy,Insert Node at Beginning of Singly Linked List,"In this task, you will insert a new node at the beginning of a linked list. Step by step, point the new node to the current head and update the head pointer. Hint: New node becomes the new head.",Node inserted at beginning successfully,Correct pointer handling
DS-E-022,Easy,Insert Node at End of Singly Linked List,"This task focuses on inserting a node at the end of a linked list. Step by step, traverse to the last node and update its next pointer. Hint: Last node’s next should point to the new node.",Node inserted at end successfully,Correct traversal and insertion
DS-E-023,Easy,Delete Node from Singly Linked List,"In this task, you will delete a node from a singly linked list. Step by step, locate the node, update pointers, and free memory if required. Hint: Handle deletion of the head node separately.",Node deleted correctly,"Correct deletion logic, safe pointer updates"
DS-E-024,Easy,Understand Doubly Linked List Concept,"This task introduces doubly linked lists and their advantages over singly linked lists. Step by step, explain how nodes link in both directions. Hint: Nodes contain previous and next pointers.",Clear explanation of doubly linked list,"Concept clarity, correct explanation"
DS-E-025,Easy,Create Doubly Linked List Node,"In this task, you will create a node structure for a doubly linked list. Step by step, include data, previous pointer, and next pointer. Hint: Both pointers are required.",Correct doubly linked list node created,Accurate structure definition
DS-E-026,Easy,Understand Time Complexity Basics,"This task focuses on understanding time complexity and why it matters in software performance. Step by step, explain Big-O notation with simple examples. Hint: Focus on how execution time grows.",Correct explanation of time complexity,"Concept accuracy, clarity"
DS-E-027,Easy,Analyze Time Complexity of Simple Loops,"In this task, you will analyze the time complexity of simple loop-based programs. Step by step, count the number of iterations and determine the Big-O notation. Hint: A single loop usually results in O(n).",Correct time complexity identified,"Accurate analysis, correct notation"
DS-E-028,Easy,Understand Space Complexity Basics,"This task introduces space complexity and memory usage analysis. Step by step, explain how extra variables and data structures affect memory. Hint: Consider auxiliary space.",Correct explanation of space complexity,Concept clarity
DS-E-029,Easy,Compare Arrays and Linked Lists,"In this task, you will compare arrays and linked lists in terms of memory usage, access speed, and flexibility. Step by step, list advantages and disadvantages of each. Hint: Think static vs dynamic memory.",Clear comparison provided,"Depth, correctness, clarity"
DS-E-030,Easy,Understand Recursion Concept,"This task introduces recursion and its importance in data structures. Step by step, explain base case and recursive case using simple examples. Hint: A function calls itself.",Clear explanation of recursion,Concept understanding
DS-E-031,Easy,Implement Simple Recursive Function,"In this task, you will implement a simple recursive function such as factorial or sum of numbers. Step by step, define base case and recursive call properly. Hint: Base case prevents infinite recursion.",Recursive function works correctly,Correct recursion logic
DS-E-032,Easy,Understand Call Stack in Recursion,"This task explains how recursion uses the call stack internally. Step by step, describe how function calls are pushed and popped. Hint: Each call waits for return.",Clear explanation of call stack,Depth of understanding
DS-E-033,Easy,Identify Real-World Applications of Data Structures,"In this task, you will identify real-world applications of data structures such as stacks, queues, and linked lists. Step by step, map structures to real systems. Hint: Use OS, browsers, or apps.",List of real-world applications,"Relevance, correctness"
DS-E-034,Easy,Understand Sorting Concepts,"This task focuses on understanding sorting and why it is important in data processing. Step by step, explain ordering of data. Hint: Sorting improves search efficiency.",Sorting concept explained,Concept clarity
DS-E-035,Easy,Implement Bubble Sort Algorithm,"In this task, you will implement the bubble sort algorithm. Step by step, compare adjacent elements and swap them if needed. Hint: Largest element bubbles to the end.",Array sorted correctly,Correct sorting logic
DS-E-036,Easy,Understand Searching Concepts,"This task introduces searching concepts and their importance. Step by step, explain how searching locates data. Hint: Searching finds element position.",Clear searching explanation,Concept understanding
DS-E-037,Easy,Implement Linear Search Algorithm,"This task requires implementing linear search on an array. Step by step, check each element sequentially. Hint: Stop when found.",Correct search result,"Correct logic, proper traversal"
DS-E-038,Easy,Understand Role of Data Structures in Software Systems,"This task focuses on explaining how data structures support software systems such as databases and applications. Step by step, connect performance and structure. Hint: Efficiency matters.",Explanation provided,Practical relevance
DS-E-039,Easy,Write Clean and Readable Code for Data Structures,"In this task, you will refactor existing data structure code to improve readability. Step by step, rename variables, format code, and add comments. Hint: Clean code is easier to maintain.",Clean readable code,"Readability, best practices"
DS-E-040,Easy,Test and Review All Easy-Level Implementations,"In this final task, you will test all easy-level data structure programs and fix any errors. Step by step, run each program and verify outputs. Hint: Debug carefully.",All programs run successfully,"Correct execution, completeness
"
DS-M-001,Medium,Implement Stack Using Array,"In this task, you will design and implement a complete stack data structure using an array. This task is important because stacks are widely used in real-world systems such as undo/redo functionality, function call handling, and expression evaluation. Step by step, you must define an array, maintain a top pointer, and implement core stack operations including push, pop, and peek. You should also handle stack overflow and underflow conditions gracefully with proper messages. Hint: Initialize the top pointer to -1 and always validate boundaries before operations.","Stack supports push, pop, and peek operations correctly","orrect LIFO behavior, proper boundary handling, clean and logical implementation"
DS-M-002,Medium,Check Balanced Parentheses Using Stack,"In this task, you will create a program that checks whether an expression contains balanced parentheses using a stack. This problem demonstrates a real-world use of stacks in syntax checking and compilers. Step by step, scan the expression character by character, push opening brackets onto the stack, and pop when matching closing brackets are encountered. At the end, ensure the stack is empty. Hint: Handle different types of brackets such as (), {}, and [].",Program correctly identifies balanced and unbalanced expressions,"Correct stack usage, accurate bracket matching, edge case handling"
DS-M-003,Medium,Reverse a String Using Stack,"This task requires reversing a string using a stack data structure instead of built-in functions. This task is important because it strengthens understanding of stack behavior and data reversal logic. Step by step, push each character of the string onto the stack and then pop them to form the reversed string. Hint: The LIFO nature of stacks naturally reverses order.",String reversed correctly using stack,"Correct stack operations, no built-in reverse usage"
DS-M-004,Medium,Implement Queue Using Linked List,"In this task, you will implement a queue using a linked list instead of an array. This is important because linked lists allow dynamic memory allocation and efficient enqueue/dequeue operations. Step by step, maintain front and rear pointers, implement enqueue at rear and dequeue from front, and handle empty queue cases. Hint: When the queue becomes empty, update both front and rear to null.",Queue operations work correctly using linked list,"Correct FIFO behavior, pointer management, no memory issues"
DS-M-005,Medium,Implement Circular Queue Using Array,"This task focuses on implementing a circular queue using an array to efficiently utilize memory. Circular queues are used in buffering systems and scheduling algorithms. Step by step, apply modulo arithmetic to manage front and rear pointers and handle full and empty conditions. Hint: Queue is full when (rear + 1) % size == front.",Circular queue functions correctly,"Correct circular logic, proper overflow/underflow handling"
DS-M-006,Medium,Implement Deque (Double-Ended Queue),"In this task, you will implement a deque that allows insertion and deletion from both front and rear ends. Deques are used in task scheduling and sliding window problems. Step by step, design operations to insert and delete from both ends while maintaining correctness. Hint: Carefully manage front and rear indices.",Deque supports all operations correctly,"Correct logic for both ends, stable behavior"
DS-M-007,Medium,Implement Singly Linked List with Full Operations,"This task requires building a complete singly linked list implementation. This includes insertion at beginning, insertion at end, deletion by value, and traversal. Linked lists are fundamental in memory-efficient data management. Step by step, handle pointer updates carefully for each operation. Hint: Always check for empty list before operations.",Fully functional singly linked list,"Correct pointer handling, no memory leaks"
DS-M-008,Medium,Search an Element in Singly Linked List,"In this task, you will search for a given element in a singly linked list. Searching linked lists is common in record-based systems. Step by step, traverse the list node by node and compare values until found or end is reached. Hint: Use a temporary pointer for traversal.",Search result correctly displayed,"Accurate traversal, correct comparison logic"
DS-M-009,Medium,Detect Length of Linked List,"This task focuses on finding the length of a linked list. Knowing list size is important for many algorithms and validations. Step by step, traverse the list and increment a counter until the end. Hint: Start counting from the head node.",Correct length of linked list displayed,"Complete traversal, accurate counting"
DS-M-010,Medium,Reverse a Singly Linked List,"In this task, you will reverse a singly linked list iteratively. Reversing linked lists is a common interview and internship task. Step by step, update next pointers carefully using previous, current, and next references. Hint: Maintain three pointers during reversal.",Linked list reversed successfully,"Correct pointer updates, no data loss"
DS-M-011,Medium,Implement Doubly Linked List with Operations,"This task requires implementing a doubly linked list with insertion, deletion, and traversal in both directions. Doubly linked lists allow bidirectional navigation in applications like browsers. Step by step, manage both next and previous pointers. Hint: Update both links during insertion and deletion.",Fully functional doubly linked list,"Correct bidirectional traversal, pointer accuracy"
DS-M-012,Medium,Find Middle Element of Linked List,"In this task, you will find the middle element of a linked list. This task introduces efficient traversal techniques. Step by step, use slow and fast pointers to locate the middle in one pass. Hint: Fast pointer moves twice as fast as slow pointer.",Middle element identified correctly,"Efficient logic, correct pointer usage"
DS-M-013,Medium,Detect Loop in Linked List,"This task focuses on detecting whether a linked list contains a loop. Loop detection is critical in avoiding infinite traversals. Step by step, use Floyd’s cycle detection algorithm with two pointers. Hint: If slow and fast pointers meet, a loop exists.",Loop presence detected correctly,"Efficient cycle detection, optimal complexity"
DS-M-014,Medium,Merge Two Sorted Linked Lists,"In this task, you will merge two sorted linked lists into one sorted list. This operation is common in data processing pipelines. Step by step, compare node values and rearrange pointers accordingly. Hint: Use a dummy node to simplify logic.",Merged sorted linked list,"Correct sorting order, pointer correctness"
DS-M-015,Medium,Implement Stack Using Linked List,"This task requires implementing a stack using a linked list instead of an array. This approach avoids fixed size limitations. Step by step, perform push and pop operations at the head of the list. Hint: Head represents top of stack.",Stack implemented using linked list,"Correct LIFO behavior, dynamic memory handling"
DS-M-016,Medium,Implement Queue Using Two Stacks,"In this task, you will implement a queue using two stacks. This task improves algorithmic thinking and understanding of data structure transformation. Step by step, use one stack for enqueue and another for dequeue. Hint: Transfer elements only when needed.",Queue operations work using stacks,"Correct logic, efficient stack usage"
DS-M-017,Medium,Implement Infix to Postfix Conversion,"This task focuses on converting infix expressions to postfix using a stack. This is important in expression evaluation systems. Step by step, handle operator precedence and parentheses. Hint: Use a stack for operators.",Correct postfix expression generated,"Operator precedence handling, correct conversion"
DS-M-018,Medium,Evaluate Postfix Expression Using Stack,"In this task, you will evaluate a postfix expression using a stack. Expression evaluation is common in compilers and calculators. Step by step, push operands and apply operators. Hint: Pop operands in correct order.",Postfix expression evaluated correctly,"Correct evaluation logic, stack usage"
DS-M-019,Medium,Implement Binary Search on Sorted Array,"This task introduces binary search, an efficient searching algorithm used in large datasets. Step by step, divide the search space in half based on comparisons. Hint: Array must be sorted.",Correct search result using binary search,"Correct logic, O(log n) behavior"
DS-M-020,Medium,Compare Linear Search and Binary Search,"In this task, you will compare linear and binary search in terms of time complexity and use cases. Step by step, analyze best, worst, and average cases. Hint: Binary search requires sorted data.",Comparison explanation provided,"Correct analysis, clarity"
DS-M-021,Medium,Implement Selection Sort Algorithm,"This task focuses on implementing selection sort. Although not efficient for large data, it helps understand selection logic. Step by step, select minimum element and swap. Hint: Reduce unsorted portion gradually.",Array sorted using selection sort,Correct sorting logic
DS-M-022,Medium,Implement Insertion Sort Algorithm,"In this task, you will implement insertion sort, commonly used for small datasets. Step by step, insert each element into its correct position. Hint: Shift elements to make space.",Array sorted using insertion sort,Correct insertion logic
DS-M-023,Medium,Analyze Time Complexity of Sorting Algorithms,"This task requires analyzing time complexity of bubble, selection, and insertion sort. Step by step, compare their performance. Hint: Focus on worst-case complexity.",Correct complexity analysis,Accurate Big-O notation
DS-M-024,Medium,Implement Recursion for Fibonacci Series,"In this task, you will generate Fibonacci numbers using recursion. This task reinforces recursive thinking. Step by step, define base cases and recursive calls. Hint: Fibonacci grows exponentially.",Fibonacci series generated,Correct recursion logic
DS-M-025,Medium,Optimize Fibonacci Using Memoization,"This task improves recursive Fibonacci using memoization. This introduces dynamic programming concepts. Step by step, store previously computed values. Hint: Use an array or map.",Optimized Fibonacci implementation,"Improved performance, correct caching"
DS-M-026,Medium,Understand Tree Data Structure Concept,"This task introduces tree data structures and hierarchical data representation. Trees are used in file systems and databases. Step by step, explain root, child, and leaf nodes. Hint: Trees are non-linear structures.",Clear explanation of trees,Concept clarity
DS-M-027,Medium,Implement Binary Tree Node Structure,"In this task, you will implement a node structure for a binary tree. Step by step, define left and right child pointers. Hint: Node contains data and two references.",Binary tree node created,Correct structure definition
DS-M-028,Medium,"Implement Binary Tree Traversals""","This task focuses on implementing inorder, preorder, and postorder traversals. Traversals are essential for processing tree data. Step by step, use recursion. Hint: Follow correct traversal order.",Tree traversals output correctly,Correct traversal logic
DS-M-029,Medium,Find Height of Binary Tree,"In this task, you will calculate the height of a binary tree. Height calculation is used in balancing and optimization. Step by step, compute height recursively. Hint: Height is max of left and right subtree plus one.",Correct tree height displayed,"Accurate recursion, correct logic"
DS-M-030,Medium,Count Leaf Nodes in Binary Tree,"This task requires counting leaf nodes in a binary tree. Leaf nodes represent end points. Step by step, traverse tree and count nodes with no children. Hint: Leaf has no left and right.",Correct leaf count,Accurate traversal and counting
DS-M-031,Medium,Implement Binary Search Tree Insertion,"In this task, you will implement insertion in a Binary Search Tree. BSTs are used for efficient searching. Step by step, compare values and insert accordingly. Hint: Left < root < right.",BST insertion works correctly,BST property maintained
DS-M-032,Medium,Search Element in Binary Search Tree,"This task focuses on searching an element in a BST. Step by step, traverse left or right based on comparison. Hint: Use BST ordering.",Search result displayed,Correct BST traversal
DS-M-033,Medium,Find Minimum and Maximum in BST,"In this task, you will find minimum and maximum values in a BST. Step by step, move leftmost for min and rightmost for max. Hint: No need to traverse whole tree.",Min and max values found,"Correct logic, efficiency"
DS-M-034,Medium,Implement Level Order Traversal of Tree,"This task introduces level order traversal using a queue. Step by step, visit nodes level by level. Hint: Use queue for BFS.",Level order traversal output,Correct BFS logic
DS-M-035,Medium,Understand Heap Data Structure Concept,"This task introduces heaps and their properties. Heaps are used in priority queues. Step by step, explain max-heap and min-heap. Hint: Parent-child relationship matters.",Heap concept explained,Concept clarity
DS-M-036,Medium,Implement Max Heap Insertion,"In this task, you will implement insertion in a max heap. Step by step, insert element and heapify upward. Hint: Compare with parent.",Max heap insertion works,Heap property maintained
DS-M-037,Medium,Implement Min Heap Insertion,"This task focuses on min heap insertion. Step by step, ensure smallest element is at root. Hint: Heapify up.",Min heap insertion works,Correct heap logic
DS-M-038,Medium,Implement Heap Deletion Operation,"In this task, you will delete the root element from a heap. Step by step, replace root and heapify down. Hint: Restore heap property.",Heap deletion works correctly,Correct deletion logic
DS-M-039,Medium,Implement Priority Queue Using Heap,"This task requires implementing a priority queue using a heap. Priority queues are used in scheduling systems. Step by step, enqueue with priority and dequeue highest priority. Hint: Heap fits priority queues naturally.",Priority queue operations work,Correct priority handling
DS-M-040,Medium,Understand Graph Data Structure Concept,"This task introduces graphs and their real-world applications. Graphs represent networks. Step by step, explain vertices and edges. Hint: Think social networks.",Graph concept explained,Concept clarity
DS-M-041,Medium,Represent Graph Using Adjacency Matrix,"In this task, you will represent a graph using an adjacency matrix. Step by step, create matrix and fill edges. Hint: Matrix size is VxV.",Adjacency matrix created,Correct representation
DS-M-042,Medium,Represent Graph Using Adjacency List,"This task focuses on representing a graph using adjacency lists. Step by step, store neighbors for each vertex. Hint: More space efficient than matrix.",Adjacency list created,Correct representation
DS-M-043,Medium,Implement Breadth-First Search (BFS),"In this task, you will implement BFS traversal of a graph. BFS is used in shortest path algorithms. Step by step, use a queue and visited array. Hint: Visit neighbors level by level.",BFS traversal output,Correct traversal logic
DS-M-044,Medium,Implement Depth-First Search (DFS),"This task requires implementing DFS traversal of a graph. DFS is used in cycle detection. Step by step, use recursion or stack. Hint: Go deep before backtracking.",DFS traversal output,Correct traversal logic
DS-M-045,Medium,Compare BFS and DFS Traversal,"In this task, you will compare BFS and DFS in terms of traversal order, use cases, and complexity. Step by step, analyze differences. Hint: BFS uses queue, DFS uses stack.",Comparison explanation provided,"Correct analysis, clarity"
DS-H-001,Hard,Implement Binary Search Tree with Core Operations,"In this task, you will design and implement a complete Binary Search Tree (BST) that supports insertion, searching, and inorder traversal operations. This task is important because BSTs are widely used in databases, indexing systems, and memory-efficient searching applications. Step by step, you must define a tree node structure, implement insertion logic that maintains BST properties, implement search functionality, and perform inorder traversal to display sorted elements. Hint: Ensure that for every node, values in the left subtree are smaller and values in the right subtree are larger.","BST correctly inserts nodes, searches values, and displays sorted traversal","Correct BST property maintenance, accurate traversal output, efficient search logic"
DS-H-002,Hard,Delete Node from Binary Search Tree,"This task focuses on implementing node deletion in a Binary Search Tree, which is more complex than insertion. This operation is important because real systems require removal of records while maintaining structure. Step by step, handle deletion cases including leaf node, node with one child, and node with two children. Hint: For nodes with two children, replace with inorder successor or predecessor.",Node deleted correctly while BST properties remain intact,"Correct handling of all deletion cases, tree integrity"
DS-H-003,Hard,Validate a Binary Search Tree,"In this task, you will verify whether a given binary tree satisfies Binary Search Tree properties. Validation is important in systems where tree data may be modified dynamically. Step by step, traverse the tree and ensure each node falls within valid value ranges. Hint: Use min and max constraints during recursion.",BST validity correctly determined,"Accurate validation logic, efficient traversal"
DS-H-004,Hard,Find Lowest Common Ancestor in BST,"This task requires finding the lowest common ancestor (LCA) of two nodes in a BST. LCAs are used in hierarchical systems such as file directories and access control trees. Step by step, traverse the BST based on node values until the split point is found. Hint: Use BST ordering to optimize traversal.",Correct LCA identified,"Efficient logic, correct node comparison"
DS-H-005,Hard,Convert Sorted Array into Balanced BST,"In this task, you will convert a sorted array into a height-balanced Binary Search Tree. Balanced trees improve search performance. Step by step, select middle element as root and recursively build left and right subtrees. Hint: Divide array into halves recursively.",Balanced BST constructed successfully,"Tree balance, correct recursive logic"
DS-H-006,Hard,Implement AVL Tree Insertion,"This task introduces self-balancing trees by implementing AVL tree insertion. AVL trees automatically maintain height balance, which is critical in high-performance systems. Step by step, insert nodes and perform required rotations based on balance factors. Hint: Track height difference between subtrees.",AVL tree remains balanced after insertion,"Correct rotations, balance factor handling"
DS-H-007,Hard,Implement AVL Tree Rotations,"In this task, you will implement left, right, left-right, and right-left rotations used in AVL trees. Understanding rotations is essential for self-balancing structures. Step by step, adjust pointers and heights during rotations. Hint: Test rotations independently before integration.",All AVL rotations function correctly,"Correct pointer updates, rotation accuracy"
DS-H-008,Hard,Check Balance Factor of AVL Tree,"This task focuses on calculating and validating the balance factor of nodes in an AVL tree. Balance checking ensures tree remains height-balanced. Step by step, compute heights of subtrees and determine balance factor. Hint: Balance factor = height(left) - height(right).",Correct balance factor computed,"Accurate height calculation, correct formula usage"
DS-H-009,Hard,Implement Heap Sort Algorithm,"In this task, you will implement heap sort using a binary heap. Heap sort is an efficient comparison-based sorting algorithm used in system-level applications. Step by step, build a heap and repeatedly extract maximum or minimum element. Hint: Heapify array before sorting.",Array sorted correctly using heap sort,"Correct heap construction, sorting accuracy"
DS-H-010,Hard,Build Priority Queue Using Heap,"This task requires implementing a priority queue using a heap data structure. Priority queues are used in scheduling, simulations, and networking. Step by step, implement enqueue with priority and dequeue highest priority element. Hint: Higher priority should be served first.",Priority queue operations work correctly,"Correct priority handling, heap integrity"
DS-H-011,Hard,Implement Graph Using Adjacency List,"In this task, you will implement a graph using an adjacency list representation. Graphs model real-world networks such as social media and routing systems. Step by step, define vertex structure and store neighbors efficiently. Hint: Use lists for each vertex.",Graph adjacency list created successfully,"Correct representation, memory efficiency"
DS-H-012,Hard,Detect Cycle in Undirected Graph,"This task focuses on detecting cycles in an undirected graph. Cycle detection is essential in dependency resolution systems. Step by step, use DFS and track visited nodes and parent. Hint: Ignore parent node during DFS.",Cycle detection result correct,"Accurate DFS logic, correct parent handling"
DS-H-013,Hard,Detect Cycle in Directed Graph,"In this task, you will detect cycles in a directed graph using recursion stack or coloring method. Cycle detection is important in task scheduling systems. Step by step, track visited and recursion stack states. Hint: Back-edge indicates a cycle.",Directed cycle correctly detected,"Correct use of recursion stack, logical flow"
DS-H-014,Hard,Implement Topological Sorting Using DFS,"This task requires implementing topological sorting for a Directed Acyclic Graph (DAG). Topological order is used in build systems and scheduling. Step by step, perform DFS and push nodes to stack after visiting neighbors. Hint: Only works for DAGs.",Valid topological order generated,"Correct DFS logic, order correctness"
DS-H-015,Hard,Implement Topological Sorting Using Kahn’s Algorithm,"In this task, you will implement topological sorting using Kahn’s algorithm based on indegree counting. This approach is widely used in real systems. Step by step, calculate indegrees and process zero-indegree nodes. Hint: Use queue for processing.",Topological order generated correctly,"Correct indegree calculation, queue usage"
DS-H-016,Hard,Implement Shortest Path Using BFS,"This task focuses on finding the shortest path in an unweighted graph using BFS. Shortest path algorithms are used in routing and navigation systems. Step by step, maintain distance array and queue. Hint: BFS guarantees shortest path in unweighted graphs.",Shortest path distances computed,"Correct BFS traversal, accurate distances"
DS-H-017,Hard,Implement Dijkstra’s Algorithm,"In this task, you will implement Dijkstra’s algorithm to find shortest paths in a weighted graph. This algorithm is widely used in GPS and network routing. Step by step, use a priority queue to select minimum distance node. Hint: Dijkstra does not support negative weights.",Shortest paths computed correctly,"Correct algorithm implementation, efficiency"
DS-H-018,Hard,Implement Bellman-Ford Algorithm,"This task introduces the Bellman-Ford algorithm for graphs with negative weights. It is used in systems where edge costs can be negative. Step by step, relax edges repeatedly and check for negative cycles. Hint: Perform V-1 iterations.",Correct shortest paths or negative cycle detected,"Correct relaxation logic, cycle detection"
DS-H-019,Hard,Implement Floyd-Warshall Algorithm,"In this task, you will implement Floyd-Warshall algorithm to compute all-pairs shortest paths. This algorithm is useful in dense graphs. Step by step, update distance matrix using dynamic programming. Hint: Triple nested loops required.",All-pairs shortest paths computed,"Correct DP logic, matrix updates"
DS-H-020,Hard,Implement Disjoint Set (Union-Find) Data Structure,"This task focuses on implementing the Disjoint Set data structure used in network connectivity and Kruskal’s algorithm. Step by step, implement find and union operations with path compression. Hint: Path compression improves efficiency.",Union-Find operations work correctly,"Correct parent tracking, optimized operations"
DS-H-021,Hard,Detect Cycle Using Union-Find,"In this task, you will use the Union-Find structure to detect cycles in an undirected graph. This approach is efficient for large graphs. Step by step, process edges and check root parents. Hint: Cycle exists if two vertices share same root.",Cycle detection accurate,"Correct Union-Find usage, efficiency"
DS-H-022,Hard,Implement Minimum Spanning Tree Using Kruskal’s Algorithm,"This task requires building a Minimum Spanning Tree (MST) using Kruskal’s algorithm. MSTs are used in network design and optimization. Step by step, sort edges and apply Union-Find to avoid cycles. Hint: Choose smallest edge first.",MST constructed correctly,"Correct edge selection, no cycles"
DS-H-023,Hard,Implement Minimum Spanning Tree Using Prim’s Algorithm,"In this task, you will implement Prim’s algorithm to find MST. Prim’s algorithm grows the tree incrementally. Step by step, use a priority queue to select minimum edge. Hint: Start from any vertex.",MST generated successfully,"Correct priority queue usage, accurate MST"
DS-H-024,Hard,Implement Trie Data Structure,"This task focuses on implementing a Trie for efficient string storage and retrieval. Tries are used in autocomplete systems and dictionaries. Step by step, create nodes for characters and mark word endings. Hint: Each node represents a character.",Trie supports insert and search,"Correct structure, efficient operations"
DS-H-025,Hard,Search Words in Trie,"In this task, you will implement word search functionality in a Trie. Searching efficiently is critical in text-processing systems. Step by step, traverse Trie nodes based on characters. Hint: Check end-of-word flag.",Word search works correctly,"Accurate traversal, correct results"
DS-H-026,Hard,Implement Hash Table with Chaining,"This task introduces hash tables using chaining to handle collisions. Hash tables are core components in caches and databases. Step by step, design hash function and linked list buckets. Hint: Good hash functions reduce collisions.",Hash table with chaining works,"Collision handling, efficient access"
DS-H-027,Hard,Implement Hash Table with Open Addressing,"In this task, you will implement a hash table using open addressing. This approach resolves collisions by probing. Step by step, implement linear or quadratic probing. Hint: Handle table full condition.",Hash table stores and retrieves correctly,"Correct probing logic, collision resolution"
DS-H-028,Hard,Compare Chaining and Open Addressing,"This task focuses on comparing two hash collision resolution techniques. Step by step, analyze memory usage, performance, and complexity. Hint: Consider load factor impact.",Comparison explained clearly,"Depth of analysis, correctness"
DS-H-029,Hard,Implement LRU Cache Using Data Structures,"In this task, you will implement a Least Recently Used (LRU) cache using a combination of hash map and doubly linked list. LRU caches are used in operating systems and web browsers. Step by step, update usage order on access. Hint: Most recently used moves to front.",LRU cache functions correctly,"Correct eviction policy, efficient operations"
DS-H-030,Hard,Design Real-World Problem Using Appropriate Data Structures,"This task requires designing a solution to a real-world problem by selecting appropriate data structures. Step by step, analyze the problem, justify your choices, and implement a basic solution. Hint: Choose structures based on access and update needs.",Problem solved using suitable data structures,"Correct structure selection, logical reasoning"
DS-H-031,Hard,Implement Segment Tree for Range Sum Queries,"In this task, you will implement a Segment Tree to efficiently handle range sum queries on an array. Segment trees are widely used in competitive programming and real-world systems where frequent range queries and updates are required. Step by step, you must build the segment tree from an input array, implement a function to query the sum of elements within a given range, and optionally support point updates. Hint: Each node of the segment tree represents a range of the array.",Segment tree correctly answers range sum queries,"Correct tree construction, accurate query results, efficient time complexity"
DS-H-032,Hard,Implement Segment Tree with Range Updates,"This task extends the segment tree by supporting range updates along with queries. This is important for systems that require bulk updates efficiently. Step by step, enhance the segment tree to update values in a range and reflect changes in queries. Hint: Consider lazy propagation to optimize updates.",Segment tree supports range updates correctly,"Correct lazy propagation logic, efficient updates and queries"
DS-H-033,Hard,Implement Fenwick Tree (Binary Indexed Tree),"In this task, you will implement a Fenwick Tree to perform prefix sum queries efficiently. Fenwick Trees are simpler alternatives to segment trees in many applications. Step by step, build the tree, implement update and query operations. Hint: Use index manipulation with bitwise operations.",Fenwick tree operations work correctly,"Correct index handling, accurate prefix sums"
DS-H-034,Hard,Compare Segment Tree and Fenwick Tree,"This task requires comparing segment trees and Fenwick trees in terms of complexity, memory usage, and use cases. Step by step, analyze scenarios where each structure is preferable. Hint: Segment trees are more flexible, Fenwick trees are simpler.",Clear comparison provided,"Depth of analysis, correctness of comparison"
DS-H-035,Hard,Implement Graph Using Adjacency Matrix,"In this task, you will implement a graph using an adjacency matrix representation. This representation is useful for dense graphs. Step by step, create a matrix and populate edges based on input. Hint: Matrix size depends on number of vertices.",Adjacency matrix graph created,"Correct matrix initialization, accurate edge representation"
DS-H-036,Hard,Implement Strongly Connected Components (Kosaraju’s Algorithm),"This task focuses on finding strongly connected components in a directed graph using Kosaraju’s algorithm. SCCs are important in program analysis and network connectivity. Step by step, perform DFS, reverse the graph, and run DFS again. Hint: Order of traversal matters.",Strongly connected components identified,"Correct DFS order, accurate SCC detection"
DS-H-037,Hard,Implement Strongly Connected Components (Tarjan’s Algorithm),"In this task, you will implement Tarjan’s algorithm to find strongly connected components in a graph using a single DFS traversal. Step by step, track discovery times and low-link values. Hint: Use a stack to track active nodes.",SCCs detected using Tarjan’s algorithm,"Correct low-link logic, stack management"
DS-H-038,Hard,Implement Bipartite Graph Check,"This task requires checking whether a graph is bipartite. Bipartite graphs are used in matching problems. Step by step, color vertices using BFS or DFS and ensure no two adjacent vertices share the same color. Hint: Two-coloring logic is key.",Graph bipartiteness determined correctly,"Correct coloring logic, traversal accuracy"
DS-H-039,Hard,Implement Graph Coloring Algorithm,"In this task, you will implement a graph coloring algorithm to minimize colors such that no adjacent vertices share the same color. This is used in scheduling and resource allocation problems. Step by step, assign colors based on constraints. Hint: Greedy approach is acceptable.",Graph colored correctly,"Correct color assignment, constraint handling"
DS-H-040,Hard,Implement Backtracking for N-Queens Problem,"This task introduces backtracking by solving the N-Queens problem. Backtracking is essential for constraint satisfaction problems. Step by step, place queens row by row and backtrack when conflicts occur. Hint: Check columns and diagonals for safety.",Valid N-Queens solutions generated,"Correct backtracking logic, valid placements"
DS-H-041,Hard,Implement Backtracking for Sudoku Solver,"In this task, you will implement a Sudoku solver using backtracking. This problem demonstrates recursion and constraint checking. Step by step, fill empty cells while maintaining Sudoku rules. Hint: Try numbers 1–9 and backtrack if invalid.",Sudoku solved correctly,"Correct recursion, constraint validation"
DS-H-042,Hard,Implement Matrix Chain Multiplication (DP),"This task focuses on solving the Matrix Chain Multiplication problem using dynamic programming. This problem optimizes multiplication order to reduce operations. Step by step, compute cost matrix using DP. Hint: Optimal substructure is key.",Minimum multiplication cost computed,"Correct DP formulation, accurate result"
DS-H-043,Hard,Implement Longest Common Subsequence (LCS),"In this task, you will implement the Longest Common Subsequence algorithm using dynamic programming. LCS is used in diff tools and DNA sequence analysis. Step by step, build DP table and reconstruct sequence. Hint: Compare characters and build table.",Correct LCS length and sequence,"Correct DP logic, accurate reconstruction"
DS-H-044,Hard,Implement Longest Increasing Subsequence (LIS),"This task requires implementing the Longest Increasing Subsequence algorithm. LIS is used in sequence analysis and optimization problems. Step by step, use DP or optimized approach. Hint: Patience sorting improves performance.",Correct LIS length computed,"Correct algorithm, optimal complexity"
DS-H-045,Hard,Implement 0/1 Knapsack Problem,"In this task, you will solve the 0/1 Knapsack problem using dynamic programming. This problem models resource allocation scenarios. Step by step, build DP table based on weight and value. Hint: Choose max of including or excluding item.",Optimal knapsack value computed,"Correct DP logic, optimal selection"
DS-H-046,Hard,Implement Coin Change Problem,"This task focuses on solving the coin change problem using dynamic programming. Coin change is common in financial systems. Step by step, calculate minimum coins required. Hint: Initialize DP with large values.",Correct minimum coin count,Accurate DP transitions
DS-H-047,Hard,Implement Edit Distance Algorithm,"In this task, you will implement edit distance (Levenshtein distance) algorithm. This is used in spell checkers and text matching. Step by step, compute DP table for insert, delete, replace. Hint: Choose minimum operation cost.",Correct edit distance computed,"Correct DP logic, accurate result"
DS-H-048,Hard,Implement Rabin-Karp String Matching,"This task introduces string matching using hashing. Rabin-Karp is used in plagiarism detection systems. Step by step, compute rolling hash and compare substrings. Hint: Handle hash collisions carefully.",Pattern matches detected correctly,"Correct hashing, collision handling"
DS-H-049,Hard,Implement KMP String Matching Algorithm,"In this task, you will implement the Knuth-Morris-Pratt algorithm for efficient string matching. This avoids redundant comparisons. Step by step, compute LPS array and perform matching. Hint: Preprocessing pattern is essential.",Pattern found efficiently,"Correct LPS computation, matching logic"
DS-H-050,Hard,Design Efficient String Search System,"This task requires designing a complete string search system using appropriate algorithms. Step by step, justify algorithm choice and implement core logic. Hint: Combine multiple string algorithms if needed.",Efficient string search system,"Algorithm selection, performance reasoning"
DS-H-051,Hard,"Implement Sliding Window Technique""","In this task, you will implement the sliding window technique to solve array or string problems efficiently. Sliding window is widely used in performance-critical applications. Step by step, maintain window boundaries and update results dynamically. Hint: Expand and shrink window carefully.",Correct sliding window results,"Efficient logic, correct window management"
DS-H-052,Hard,"Implement Two-Pointer Technique""","This task focuses on solving problems using the two-pointer technique. This technique reduces time complexity in sorted data scenarios. Step by step, move pointers based on conditions. Hint: Start from both ends when appropriate.",Correct two-pointer solution,"Correct pointer movement, optimal complexity"
DS-H-053,Hard,"Implement Divide and Conquer Algorithm""","In this task, you will design a solution using divide and conquer approach. This approach breaks problems into smaller subproblems. Step by step, divide input, solve recursively, and combine results. Hint: Merge sort follows this pattern.",Correct divide and conquer solution,"Proper recursion, correct combination logic"
DS-H-054,Hard,Implement Merge Sort Algorithm,"This task focuses on implementing merge sort using divide and conquer. Merge sort is efficient and stable. Step by step, split array and merge sorted halves. Hint: Use auxiliary array for merging.",Array sorted correctly using merge sort,Correct splitting and merging logic
DS-H-055,Hard,Implement Quick Sort Algorithm,"In this task, you will implement quick sort algorithm. Quick sort is widely used due to its average efficiency. Step by step, select pivot and partition array. Hint: Choose pivot carefully to avoid worst case.",Array sorted using quick sort,"Correct partitioning, recursion handling"
DS-H-056,Hard,Analyze Worst-Case of Quick Sort,"This task requires analyzing the worst-case time complexity of quick sort and how to avoid it. Step by step, explain scenarios and improvements. Hint: Randomized pivot helps.",Worst-case analysis explained,Correct complexity reasoning
DS-H-057,Hard,Implement Randomized Quick Sort,"In this task, you will implement randomized quick sort to reduce worst-case probability. Step by step, randomize pivot selection. Hint: Randomization improves average performance.",Randomized quick sort works correctly,"Correct randomness usage, sorting accuracy"
DS-H-058,Hard,Implement Binary Search on Rotated Sorted Array,"This task focuses on searching in a rotated sorted array. This problem improves binary search logic. Step by step, identify sorted half and narrow search. Hint: One half is always sorted.",Correct search result returned,Efficient binary search logic
DS-H-059,Hard,Implement Median of Two Sorted Arrays,"In this task, you will find the median of two sorted arrays efficiently. This problem tests advanced searching techniques. Step by step, use binary search partitioning. Hint: Divide arrays carefully.",Correct median calculated,"Optimal complexity, correct logic"
DS-H-060,Hard,Design Efficient Data Processing Pipeline Using Data Structures,"This task requires designing a data processing pipeline using multiple data structures. Step by step, justify structure choices and implement key components. Hint: Combine queues, stacks, and trees as needed.",Efficient pipeline design,"Appropriate data structure usage, logical flow"
DS-H-061,Hard,Implement Sparse Matrix Representation,"In this task, you will implement an efficient representation of a sparse matrix where most elements are zero. Sparse matrices are used in scientific computing and memory-optimized systems. Step by step, store only non-zero elements using an appropriate data structure such as lists or maps, and implement display logic. Hint: Avoid storing zero values to save memory.",Sparse matrix represented efficiently,"Correct identification of non-zero elements, memory-efficient storage"
DS-H-062,Hard,Perform Sparse Matrix Addition,"This task focuses on adding two sparse matrices efficiently. This operation is important in scientific and engineering applications. Step by step, traverse stored non-zero elements and compute the sum without converting to dense matrices. Hint: Match row and column indices.",Correct sparse matrix addition result,"Accurate computation, efficient traversal"
DS-H-063,Hard,Implement Polynomial Representation Using Linked List,"In this task, you will represent a polynomial using a linked list. Polynomial operations are common in symbolic computation. Step by step, store coefficients and powers in nodes and display polynomial expression. Hint: Keep terms ordered by power.",Polynomial represented correctly,"Correct node structure, ordered representation"
DS-H-064,Hard,Perform Polynomial Addition Using Linked Lists,"This task requires adding two polynomials represented as linked lists. Step by step, compare powers and sum coefficients. Hint: Traverse both lists simultaneously.",Correct polynomial addition output,"Accurate coefficient calculation, correct traversal"
DS-H-065,Hard,Implement Polynomial Multiplication Using Linked Lists,"In this task, you will multiply two polynomials using linked lists. This task strengthens nested traversal logic. Step by step, multiply each term and combine like powers. Hint: Use temporary list for accumulation.",Correct polynomial multiplication result,"Correct multiplication logic, efficient combination"
DS-H-066,Hard,Implement Circular Linked List with Operations,"This task focuses on implementing a circular linked list with insertion, deletion, and traversal. Circular lists are used in scheduling systems. Step by step, ensure last node points to head. Hint: Be careful with termination conditions.",Circular linked list works correctly,"Correct circular links, stable operations"
DS-H-067,Hard,Implement Josephus Problem Using Circular Linked List,"In this task, you will solve the Josephus problem using a circular linked list. This problem tests traversal and deletion logic. Step by step, simulate elimination process. Hint: Count nodes carefully.",Correct survivor identified,"Accurate simulation, correct logic"
DS-H-068,Hard,Implement Skip List Data Structure,"This task introduces skip lists, which provide fast search, insertion, and deletion. Skip lists are probabilistic alternatives to balanced trees. Step by step, implement multiple levels and random promotion. Hint: Randomization controls height.",Skip list operations work correctly,"Correct level management, efficient operations"
DS-H-069,Hard,Implement Bloom Filter,"In this task, you will implement a Bloom filter for fast membership testing. Bloom filters are used in caching and databases. Step by step, apply multiple hash functions and bit arrays. Hint: False positives are allowed.",Bloom filter membership test works,"Correct hashing, space efficiency"
DS-H-070,Hard,Analyze False Positives in Bloom Filter,"This task focuses on analyzing false positives in a Bloom filter. Step by step, explain why they occur and how parameters affect probability. Hint: More hash functions reduce false positives.",Analysis of false positives explained,"Depth of analysis, correctness"
DS-H-071,Hard,Implement Graph Shortest Path Using A* Algorithm,"In this task, you will implement the A* search algorithm for finding shortest paths. A* is widely used in games and navigation systems. Step by step, combine cost and heuristic functions. Hint: Heuristic must be admissible.",A* algorithm finds shortest path,"Correct heuristic usage, optimal path"
DS-H-072,Hard,Design Custom Heuristic for A* Algorithm,"This task requires designing a heuristic function for A* algorithm. Step by step, justify heuristic choice and test correctness. Hint: Heuristic should not overestimate.",Valid heuristic designed,"Correct heuristic properties, justification"
DS-H-073,Hard,Implement Trie-Based Autocomplete System,"In this task, you will build an autocomplete system using a Trie. Autocomplete is used in search engines and editors. Step by step, insert words and return suggestions for prefixes. Hint: Traverse Trie to prefix node.",Autocomplete suggestions generated,"Correct prefix matching, efficient traversal"
DS-H-074,Hard,Implement Suffix Array Construction,"This task introduces suffix arrays for efficient string processing. Suffix arrays are used in text search systems. Step by step, generate suffixes and sort them. Hint: Store starting indices.",Suffix array constructed correctly,"Correct suffix ordering, accuracy"
DS-H-075,Hard,Implement Longest Repeated Substring Using Suffix Array,"In this task, you will find the longest repeated substring using suffix array. This problem is used in data compression. Step by step, compare adjacent suffixes. Hint: Longest common prefix helps.",Longest repeated substring identified,"Correct LCP logic, accurate result"
DS-H-076,Hard,Implement Cartesian Tree,"This task focuses on building a Cartesian Tree from an array. Cartesian trees are used in RMQ problems. Step by step, maintain heap property and inorder traversal. Hint: Use stack-based construction.",Cartesian tree built correctly,"Correct tree structure, property maintenance"
DS-H-077,Hard,Implement Range Minimum Query Using Sparse Table,"In this task, you will implement RMQ using sparse table technique. This is used for fast static range queries. Step by step, precompute intervals and answer queries in O(1). Hint: Preprocessing is key.",RMQ queries answered correctly,"Correct preprocessing, fast queries"
DS-H-078,Hard,Implement Heavy-Light Decomposition (Conceptual),"This task introduces heavy-light decomposition for trees. It is used in advanced tree queries. Step by step, decompose tree into heavy and light paths conceptually. Hint: Focus on idea, not full code.",HLD concept clearly explained,"Concept understanding, clarity"
DS-H-079,Hard,Implement Mo’s Algorithm (Conceptual),"In this task, you will study and explain Mo’s algorithm for offline range queries. This algorithm optimizes query ordering. Step by step, explain block decomposition. Hint: Query reordering reduces updates.",Mo’s algorithm explained clearly,"Concept depth, correctness"
DS-H-080,Hard,Implement Persistent Data Structure (Conceptual),"This task focuses on understanding persistent data structures that preserve previous versions. Used in versioned systems. Step by step, explain immutability and versioning. Hint: Functional structures help.",Persistent structure concept explained,"Concept clarity, real-world relevance"
DS-H-081,Hard,Implement Thread-Safe Stack Using Data Structures,"In this task, you will design a thread-safe stack. Concurrency-safe structures are critical in systems programming. Step by step, ensure safe push/pop operations. Hint: Synchronization is required.",Thread-safe stack works correctly,"Correct synchronization, data integrity"
DS-H-082,Hard,Design Lock-Free Data Structure (Conceptual),"This task introduces lock-free data structure concepts. Lock-free designs improve concurrency performance. Step by step, explain atomic operations usage. Hint: CAS operations are key.",Lock-free design explained,"Concurrency understanding, correctness"
DS-H-083,Hard,Implement Graph Matching Algorithm (Conceptual),"In this task, you will study bipartite graph matching. Matching algorithms are used in job allocation systems. Step by step, explain matching logic. Hint: Hungarian or Hopcroft-Karp.",Matching concept explained,Algorithm understanding
DS-H-084,Hard,Design Data Structure for Real-Time Analytics,"This task focuses on designing data structures for real-time analytics systems. Step by step, choose structures for streaming data. Hint: Think queues and hash maps.",Real-time analytics design,Appropriate structure selection
DS-H-085,Hard,Implement Sliding Window Maximum Problem,"In this task, you will solve sliding window maximum using deque. This is used in signal processing. Step by step, maintain decreasing deque. Hint: Remove smaller elements.",Correct maximums computed,Efficient deque usage
DS-H-086,Hard,Implement Order Statistics Tree (Conceptual),"This task introduces order statistics trees used for rank queries. Step by step, explain size augmentation. Hint: Store subtree sizes.",Order statistics concept explained,Concept clarity
DS-H-087,Hard,Design Memory-Efficient Data Structure,"In this task, you will design a data structure optimized for minimal memory usage. Step by step, justify design decisions. Hint: Avoid redundancy.",Memory-efficient design presented,Optimization reasoning
DS-H-088,Hard,Implement Custom Cache Eviction Policy,"This task requires designing a cache with custom eviction policy. Step by step, define eviction rules. Hint: FIFO, LFU, or hybrid.",Cache eviction works as designed,Correct eviction logic
DS-H-089,Hard,Conduct Complexity Analysis of Advanced Data Structures,"In this task, you will analyze time and space complexity of advanced data structures used so far. Step by step, compare operations. Hint: Focus on worst-case.",Comprehensive complexity analysis,"Accuracy, depth of analysis"
DS-H-090,Hard,Final Data Structures Capstone Project,"This final task represents a complete data structures capstone project. You must design, implement, document, and test a system using multiple data structures learned during the internship. This task simulates real-world expectations from a data structures intern. Hint: Treat this as a production-level project.",Fully functional data-structure-based system,"Overall correctness, design quality, completeness"
